3._some_broken_website,2025-07-19 19:06,500
1._this_website,2025-07-19 19:06,200
2._some_flipping_website,2025-07-19 19:06,500
2._some_flipping_website,2025-07-19 19:10,200
3._some_broken_website,2025-07-19 19:10,500
1._this_website,2025-07-19 19:10,200
3._some_broken_website,2025-07-19 19:11,500
1._this_website,2025-07-19 19:11,200
2._some_flipping_website,2025-07-19 19:11,500
3._some_broken_website,2025-07-19 19:12,500
2._some_flipping_website,2025-07-19 19:12,200
1._this_website,2025-07-19 19:12,200
1._this_website,2025-07-19 19:23,200
2._some_flipping_website,2025-07-19 19:23,200
3._some_broken_website,2025-07-19 19:23,500
1._this_website,2025-07-19 19:38,200
3._some_broken_website,2025-07-19 19:38,500
2._some_flipping_website,2025-07-19 19:38,200
1._this_website,2025-07-19 19:50,200
3._some_broken_website,2025-07-19 19:50,500
2._some_flipping_website,2025-07-19 19:50,500
1._this_website,2025-07-19 20:15,200
3._some_broken_website,2025-07-19 20:15,500
2._some_flipping_website,2025-07-19 20:15,200
1._this_website,2025-07-19 20:38,200
3._some_broken_website,2025-07-19 20:38,500
2._some_flipping_website,2025-07-19 20:38,200
1._this_website,2025-07-19 20:54,200
3._some_broken_website,2025-07-19 20:54,500
2._some_flipping_website,2025-07-19 20:54,200
1._this_website,2025-07-19 21:21,200
3._some_broken_website,2025-07-19 21:21,500
2._some_flipping_website,2025-07-19 21:21,500
3._some_broken_website,2025-07-19 21:39,500
2._some_flipping_website,2025-07-19 21:39,200
1._this_website,2025-07-19 21:39,200
3._some_broken_website,2025-07-19 21:51,500
1._this_website,2025-07-19 21:51,200
2._some_flipping_website,2025-07-19 21:51,500
1._this_website,2025-07-19 22:15,200
3._some_broken_website,2025-07-19 22:15,500
2._some_flipping_website,2025-07-19 22:15,200
3._some_broken_website,2025-07-19 22:23,500
1._this_website,2025-07-19 22:23,200
2._some_flipping_website,2025-07-19 22:23,200
1._this_website,2025-07-19 22:24,200
3._some_broken_website,2025-07-19 22:24,500
2._some_flipping_website,2025-07-19 22:24,200
1._this_website,2025-07-19 22:26,200
3._some_broken_website,2025-07-19 22:26,500
2._some_flipping_website,2025-07-19 22:26,200
3._some_broken_website,2025-07-19 22:26,500
2._some_flipping_website,2025-07-19 22:26,200
1._this_website,2025-07-19 22:26,200
3._some_broken_website,2025-07-19 22:28,500
2._some_flipping_website,2025-07-19 22:28,200
1._this_website,2025-07-19 22:28,200
3._some_broken_website,2025-07-19 22:28,500
1._this_website,2025-07-19 22:28,200
2._some_flipping_website,2025-07-19 22:28,200
3._some_broken_website,2025-07-19 22:29,500
2._some_flipping_website,2025-07-19 22:29,200
1._this_website,2025-07-19 22:29,200
3._some_broken_website,2025-07-19 22:30,500
1._this_website,2025-07-19 22:30,200
2._some_flipping_website,2025-07-19 22:30,500
3._some_broken_website,2025-07-19 22:32,500
2._some_flipping_website,2025-07-19 22:32,500
1._this_website,2025-07-19 22:32,200
2._some_flipping_website,2025-07-19 22:40,500
3._some_broken_website,2025-07-19 22:40,500
1._this_website,2025-07-19 22:40,200
1._this_website,2025-07-19 22:53,200
3._some_broken_website,2025-07-19 22:53,500
2._some_flipping_website,2025-07-19 22:53,200
3._some_broken_website,2025-07-19 23:23,500
2._some_flipping_website,2025-07-19 23:23,500
1._this_website,2025-07-19 23:23,200
1._this_website,2025-07-19 23:44,200
3._some_broken_website,2025-07-19 23:44,500
2._some_flipping_website,2025-07-19 23:44,200
1._this_website,2025-07-19 23:56,200
3._some_broken_website,2025-07-19 23:56,500
2._some_flipping_website,2025-07-19 23:56,500
1._this_website,2025-07-20 02:34,200
3._some_broken_website,2025-07-20 02:34,500
2._some_flipping_website,2025-07-20 02:34,200
1._this_website,2025-07-20 03:57,200
3._some_broken_website,2025-07-20 03:57,500
2._some_flipping_website,2025-07-20 03:57,500
1._this_website,2025-07-20 04:49,200
3._some_broken_website,2025-07-20 04:49,500
2._some_flipping_website,2025-07-20 04:49,200
1._this_website,2025-07-20 05:17,200
3._some_broken_website,2025-07-20 05:17,500
2._some_flipping_website,2025-07-20 05:17,500
1._this_website,2025-07-20 05:45,200
3._some_broken_website,2025-07-20 05:45,500
2._some_flipping_website,2025-07-20 05:45,200
2._some_flipping_website,2025-07-20 05:57,500
1._this_website,2025-07-20 05:57,200
3._some_broken_website,2025-07-20 05:57,500
3._some_broken_website,2025-07-20 06:39,500
2._some_flipping_website,2025-07-20 06:39,500
1._this_website,2025-07-20 06:39,200
1._this_website,2025-07-20 06:57,200
3._some_broken_website,2025-07-20 06:57,500
2._some_flipping_website,2025-07-20 06:57,500
3._some_broken_website,2025-07-20 07:24,500
1._this_website,2025-07-20 07:24,200
3._some_broken_website,2025-07-20 07:26,500
2._some_flipping_website,2025-07-20 07:26,200
4._some_nodata_website,1970-01-01 00:00,404
1._this_website,2025-07-20 07:26,200
1._this_website,2025-07-20 07:26,200
3._some_broken_website,2025-07-20 07:26,500
2._some_flipping_website,2025-07-20 07:26,500
4._some_nodata_website,1970-01-01 00:00,404
1._this_website,2025-07-20 07:42,200
2._some_flipping_website,2025-07-20 07:42,200
4._some_nodata_website,1970-01-01 00:00,404
3._some_broken_website,2025-07-20 07:42,500
1._this_website,2025-07-20 07:55,200
3._some_broken_website,2025-07-20 07:55,500
2._some_flipping_website,2025-07-20 07:55,200
4._some_nodata_website,1970-01-01 00:00,404
3._some_broken_website,2025-07-20 08:32,500
1._this_website,2025-07-20 08:32,200
4._some_nodata_website,1970-01-01 00:00,404
2._some_flipping_website,2025-07-20 08:32,500
1._this_website,2025-07-20 08:53,200
2._some_flipping_website,2025-07-20 08:53,500
4._some_nodata_website,1970-01-01 00:00,404
3._some_broken_website,2025-07-20 08:53,500
1._this_website,2025-07-20 09:21,200
2._some_flipping_website,2025-07-20 09:21,200
4._some_nodata_website,1970-01-01 00:00,404
3._some_broken_website,2025-07-20 09:21,500
1._this_website,2025-07-20 09:40,200
2._some_flipping_website,2025-07-20 09:40,200
3._some_broken_website,2025-07-20 09:40,500
4._some_nodata_website,1970-01-01 00:00,404
1._this_website,2025-07-20 09:53,200
2._some_flipping_website,2025-07-20 09:53,500
4._some_nodata_website,1970-01-01 00:00,404
3._some_broken_website,2025-07-20 09:53,500
1._this_website,2025-07-20 10:22,200
4._some_nodata_website,1970-01-01 00:00,404
2._some_flipping_website,2025-07-20 10:22,500
3._some_broken_website,2025-07-20 10:22,500
4._some_nodata_website,1970-01-01 00:00,404
2._some_flipping_website,2025-07-20 10:46,500
3._some_broken_website,2025-07-20 10:46,500
1._this_website,2025-07-20 10:46,200
1._this_website,2025-07-20 10:58,200
3._some_broken_website,2025-07-20 10:58,500
4._some_nodata_website,1970-01-01 00:00,404
2._some_flipping_website,2025-07-20 10:58,200
1._this_website,2025-07-20 11:23,200
2._some_flipping_website,2025-07-20 11:23,200
4._some_nodata_website,1970-01-01 00:00,404
3._some_broken_website,2025-07-20 11:23,500
1._this_website,2025-07-20 11:39,200
4._some_nodata_website,1970-01-01 00:00,404
2._some_flipping_website,2025-07-20 11:39,500
3._some_broken_website,2025-07-20 11:39,500
1._this_website,2025-07-20 11:52,200
4._some_nodata_website,1970-01-01 00:00,404
3._some_broken_website,2025-07-20 11:52,500
2._some_flipping_website,2025-07-20 11:52,200
1._this_website,2025-07-20 12:36,200
3._some_broken_website,2025-07-20 12:36,500
4._some_nodata_website,1970-01-01 00:00,404
2._some_flipping_website,2025-07-20 12:36,500
1._this_website,2025-07-20 13:18,200
3._some_broken_website,2025-07-20 13:18,500
4._some_nodata_website,1970-01-01 00:00,404
2._some_flipping_website,2025-07-20 13:18,200
1._this_website,2025-07-20 13:45,200
2._some_flipping_website,2025-07-20 13:45,500
3._some_broken_website,2025-07-20 13:45,500
4._some_nodata_website,1970-01-01 00:00,404
4._some_nodata_website,1970-01-01 00:00,404
1._this_website,2025-07-20 13:58,200
3._some_broken_website,2025-07-20 13:58,500
2._some_flipping_website,2025-07-20 13:58,200
1._this_website,2025-07-20 14:27,200
2._some_flipping_website,2025-07-20 14:27,500
4._some_nodata_website,1970-01-01 00:00,404
3._some_broken_website,2025-07-20 14:27,500
1._this_website,2025-07-20 14:45,200
4._some_nodata_website,1970-01-01 00:00,404
3._some_broken_website,2025-07-20 14:45,500
2._some_flipping_website,2025-07-20 14:45,200
1._this_website,2025-07-20 14:58,200
2._some_flipping_website,2025-07-20 14:58,500
4._some_nodata_website,1970-01-01 00:00,404
3._some_broken_website,2025-07-20 14:58,500
2._some_flipping_website,2025-07-20 15:28,500
3._some_broken_website,2025-07-20 15:28,500
4._some_nodata_website,1970-01-01 00:00,404
1._this_website,2025-07-20 15:28,200
1._this_website,2025-07-20 15:45,200
4._some_nodata_website,1970-01-01 00:00,404
2._some_flipping_website,2025-07-20 15:45,500
3._some_broken_website,2025-07-20 15:45,500
2._some_flipping_website,2025-07-20 15:58,500
3._some_broken_website,2025-07-20 15:58,500
4._some_nodata_website,1970-01-01 00:00,404
1._this_website,2025-07-20 15:58,200
1._this_website,2025-07-20 16:33,200
3._some_broken_website,2025-07-20 16:33,500
4._some_nodata_website,1970-01-01 00:00,404
2._some_flipping_website,2025-07-20 16:33,500
4._some_nodata_website,1970-01-01 00:00,404
3._some_broken_website,2025-07-20 16:53,500
1._this_website,2025-07-20 16:53,200
2._some_flipping_website,2025-07-20 16:53,200
1._this_website,2025-07-20 17:17,200
4._some_nodata_website,1970-01-01 00:00,404
2._some_flipping_website,2025-07-20 17:17,500
3._some_broken_website,2025-07-20 17:17,500
1._this_website,2025-07-20 17:38,200
4._some_nodata_website,1970-01-01 00:00,404
3._some_broken_website,2025-07-20 17:38,500
2._some_flipping_website,2025-07-20 17:38,200
1._this_website,2025-07-20 17:52,200
4._some_nodata_website,1970-01-01 00:00,404
2._some_flipping_website,2025-07-20 17:52,200
3._some_broken_website,2025-07-20 17:52,500
1._this_website,2025-07-20 18:27,200
3._some_broken_website,2025-07-20 18:27,500
2._some_flipping_website,2025-07-20 18:27,200
4._some_nodata_website,1970-01-01 00:00,404
1._this_website,2025-07-20 18:52,200
3._some_broken_website,2025-07-20 18:52,500
2._some_flipping_website,2025-07-20 18:52,500
4._some_nodata_website,1970-01-01 00:00,404
2._some_flipping_website,2025-07-20 19:13,200
3._some_broken_website,2025-07-20 19:13,500
4._some_nodata_website,1970-01-01 00:00,404
1._this_website,2025-07-20 19:13,200
1._this_website,2025-07-20 19:29,200
4._some_nodata_website,1970-01-01 00:00,404
3._some_broken_website,2025-07-20 19:29,500
2._some_flipping_website,2025-07-20 19:29,200
2._some_flipping_website,2025-07-20 19:42,200
1._this_website,2025-07-20 19:42,200
3._some_broken_website,2025-07-20 19:42,500
4._some_nodata_website,1970-01-01 00:00,404
1._this_website,2025-07-20 19:55,200
4._some_nodata_website,1970-01-01 00:00,404
3._some_broken_website,2025-07-20 19:55,500
2._some_flipping_website,2025-07-20 19:55,200
1._this_website,2025-07-20 20:28,200
4._some_nodata_website,1970-01-01 00:00,404
3._some_broken_website,2025-07-20 20:28,500
2._some_flipping_website,2025-07-20 20:28,500
2._some_flipping_website,2025-07-20 20:46,200
3._some_broken_website,2025-07-20 20:46,500
4._some_nodata_website,1970-01-01 00:00,404
1._this_website,2025-07-20 20:46,200
2._some_flipping_website,2025-07-20 20:59,500
4._some_nodata_website,1970-01-01 00:00,404
3._some_broken_website,2025-07-20 20:59,500
1._this_website,2025-07-20 20:59,200
2._some_flipping_website,2025-07-20 21:26,500
3._some_broken_website,2025-07-20 21:26,500
4._some_nodata_website,1970-01-01 00:00,404
1._this_website,2025-07-20 21:26,200
1._this_website,2025-07-20 21:44,200
2._some_flipping_website,2025-07-20 21:44,500
4._some_nodata_website,1970-01-01 00:00,404
3._some_broken_website,2025-07-20 21:44,500
4._some_nodata_website,1970-01-01 00:00,404
3._some_broken_website,2025-07-20 21:56,500
2._some_flipping_website,2025-07-20 21:56,500
1._this_website,2025-07-20 21:56,200
4._some_nodata_website,1970-01-01 00:00,404
1._this_website,2025-07-20 22:27,200
2._some_flipping_website,2025-07-20 22:27,500
3._some_broken_website,2025-07-20 22:27,500
1._this_website,2025-07-20 22:47,200
2._some_flipping_website,2025-07-20 22:47,500
3._some_broken_website,2025-07-20 22:47,500
4._some_nodata_website,1970-01-01 00:00,404
1._this_website,2025-07-20 22:59,200
2._some_flipping_website,2025-07-20 22:59,200
3._some_broken_website,2025-07-20 22:59,500
4._some_nodata_website,1970-01-01 00:00,404
1._this_website,2025-07-20 23:28,200
2._some_flipping_website,2025-07-20 23:28,200
3._some_broken_website,2025-07-20 23:28,500
4._some_nodata_website,1970-01-01 00:00,404
2._some_flipping_website,2025-07-20 23:46,200
3._some_broken_website,2025-07-20 23:46,500
4._some_nodata_website,1970-01-01 00:00,404
1._this_website,2025-07-20 23:46,200
1._this_website,2025-07-20 23:59,200
2._some_flipping_website,2025-07-20 23:59,200
4._some_nodata_website,1970-01-01 00:00,404
3._some_broken_website,2025-07-20 23:59,500
1._this_website,2025-07-21 02:32,200
4._some_nodata_website,1970-01-01 00:00,404
3._some_broken_website,2025-07-21 02:32,500
2._some_flipping_website,2025-07-21 02:32,500
4._some_nodata_website,1970-01-01 00:00,404
2._some_flipping_website,2025-07-21 03:55,500
1._this_website,2025-07-21 03:55,200
3._some_broken_website,2025-07-21 03:55,500
2._some_flipping_website,2025-07-21 04:49,500
4._some_nodata_website,1970-01-01 00:00,404
1._this_website,2025-07-21 04:49,200
3._some_broken_website,2025-07-21 04:49,500
1._this_website,2025-07-21 05:21,200
2._some_flipping_website,2025-07-21 05:21,200
3._some_broken_website,2025-07-21 05:21,500
4._some_nodata_website,1970-01-01 00:00,404
4._some_nodata_website,1970-01-01 00:00,404
2._some_flipping_website,2025-07-21 05:49,500
1._this_website,2025-07-21 05:49,200
3._some_broken_website,2025-07-21 05:49,500
1._this_website,2025-07-21 06:20,200
2._some_flipping_website,2025-07-21 06:20,500
3._some_broken_website,2025-07-21 06:20,500
4._some_nodata_website,1970-01-01 00:00,404
1._this_website,2025-07-21 06:53,200
2._some_flipping_website,2025-07-21 06:53,500
4._some_nodata_website,1970-01-01 00:00,404
3._some_broken_website,2025-07-21 06:53,500
1._this_website,2025-07-21 07:28,200
4._some_nodata_website,1970-01-01 00:00,404
2._some_flipping_website,2025-07-21 07:28,500
3._some_broken_website,2025-07-21 07:28,500
1._this_website,2025-07-21 07:51,200
3._some_broken_website,2025-07-21 07:51,500
2._some_flipping_website,2025-07-21 07:51,200
4._some_nodata_website,1970-01-01 00:00,404
1._this_website,2025-07-21 08:57,200
3._some_broken_website,2025-07-21 08:57,500
4._some_nodata_website,1970-01-01 00:00,404
2._some_flipping_website,2025-07-21 08:57,500
1._this_website,2025-07-21 09:36,200
3._some_broken_website,2025-07-21 09:36,500
4._some_nodata_website,1970-01-01 00:00,404
2._some_flipping_website,2025-07-21 09:36,200
1._this_website,2025-07-21 09:55,200
3._some_broken_website,2025-07-21 09:55,500
4._some_nodata_website,1970-01-01 00:00,404
2._some_flipping_website,2025-07-21 09:55,500
2._some_flipping_website,2025-07-21 10:29,500
1._this_website,2025-07-21 10:29,200
3._some_broken_website,2025-07-21 10:29,500
4._some_nodata_website,1970-01-01 00:00,404
1._this_website,2025-07-21 10:53,200
2._some_flipping_website,2025-07-21 10:53,200
3._some_broken_website,2025-07-21 10:53,500
4._some_nodata_website,1970-01-01 00:00,404
3._some_broken_website,2025-07-21 11:18,500
2._some_flipping_website,2025-07-21 11:18,500
1._this_website,2025-07-21 11:18,200
4._some_nodata_website,1970-01-01 00:00,404
1._this_website,2025-07-21 11:37,200
2._some_flipping_website,2025-07-21 11:37,500
4._some_nodata_website,1970-01-01 00:00,404
3._some_broken_website,2025-07-21 11:37,500
1._this_website,2025-07-21 11:52,200
4._some_nodata_website,1970-01-01 00:00,404
3._some_broken_website,2025-07-21 11:52,500
2._some_flipping_website,2025-07-21 11:52,200
1._this_website,2025-07-21 12:41,200
2._some_flipping_website,2025-07-21 12:41,503
4._some_nodata_website,1970-01-01 00:00,503
3._some_broken_website,2025-07-21 12:41,503
1._this_website,2025-07-21 13:28,200
3._some_broken_website,2025-07-21 13:28,500
4._some_nodata_website,1970-01-01 00:00,404
2._some_flipping_website,2025-07-21 13:28,200
1._this_website,2025-07-21 13:57,200
3._some_broken_website,2025-07-21 13:57,500
4._some_nodata_website,1970-01-01 00:00,404
2._some_flipping_website,2025-07-21 13:57,500
2._some_flipping_website,2025-07-21 14:32,503
3._some_broken_website,2025-07-21 14:32,503
4._some_nodata_website,1970-01-01 00:00,503
1._this_website,2025-07-21 14:32,200
1._this_website,2025-07-21 14:54,200
4._some_nodata_website,1970-01-01 00:00,404
2._some_flipping_website,2025-07-21 14:54,200
3._some_broken_website,2025-07-21 14:54,500
1._this_website,2025-07-21 15:26,200
2._some_flipping_website,2025-07-21 15:26,503
4._some_nodata_website,1970-01-01 00:00,503
3._some_broken_website,2025-07-21 15:26,503
2._some_flipping_website,2025-07-21 15:48,503
3._some_broken_website,2025-07-21 15:48,503
4._some_nodata_website,1970-01-01 00:00,503
1._this_website,2025-07-21 15:48,200
1._this_website,2025-07-21 16:11,200
3._some_broken_website,2025-07-21 16:11,500
4._some_nodata_website,1970-01-01 00:00,404
2._some_flipping_website,2025-07-21 16:11,500
1._this_website,2025-07-21 16:47,200
2._some_flipping_website,2025-07-21 16:47,200
4._some_nodata_website,1970-01-01 00:00,404
3._some_broken_website,2025-07-21 16:47,500
1._this_website,2025-07-21 17:10,200
4._some_nodata_website,1970-01-01 00:00,404
2._some_flipping_website,2025-07-21 17:10,500
3._some_broken_website,2025-07-21 17:10,500
1._this_website,2025-07-21 17:40,200
4._some_nodata_website,1970-01-01 00:00,404
2._some_flipping_website,2025-07-21 17:40,200
3._some_broken_website,2025-07-21 17:40,500
2._some_flipping_website,2025-07-21 17:55,200
1._this_website,2025-07-21 17:55,200
4._some_nodata_website,1970-01-01 00:00,404
3._some_broken_website,2025-07-21 17:55,500
4._some_nodata_website,1970-01-01 00:00,404
2._some_flipping_website,2025-07-21 18:38,500
1._this_website,2025-07-21 18:38,200
3._some_broken_website,2025-07-21 18:38,500
1._this_website,2025-07-21 18:59,200
3._some_broken_website,2025-07-21 18:59,500
2._some_flipping_website,2025-07-21 18:59,500
4._some_nodata_website,1970-01-01 00:00,404
1._this_website,2025-07-21 19:26,200
2._some_flipping_website,2025-07-21 19:26,200
4._some_nodata_website,1970-01-01 00:00,404
3._some_broken_website,2025-07-21 19:26,500
1._this_website,2025-07-21 19:43,200
4._some_nodata_website,1970-01-01 00:00,404
2._some_flipping_website,2025-07-21 19:43,500
3._some_broken_website,2025-07-21 19:43,500
1._this_website,2025-07-21 19:55,200
4._some_nodata_website,1970-01-01 00:00,404
2._some_flipping_website,2025-07-21 19:55,500
3._some_broken_website,2025-07-21 19:55,500
1._this_website,2025-07-21 20:30,200
2._some_flipping_website,2025-07-21 20:30,500
3._some_broken_website,2025-07-21 20:30,500
4._some_nodata_website,1970-01-01 00:00,404
1._this_website,2025-07-21 20:50,200
3._some_broken_website,2025-07-21 20:50,500
4._some_nodata_website,1970-01-01 00:00,404
2._some_flipping_website,2025-07-21 20:50,500
1._this_website,2025-07-21 21:12,200
3._some_broken_website,2025-07-21 21:12,500
2._some_flipping_website,2025-07-21 21:12,200
4._some_nodata_website,1970-01-01 00:00,404
1._this_website,2025-07-21 21:35,200
3._some_broken_website,2025-07-21 21:35,500
4._some_nodata_website,1970-01-01 00:00,404
2._some_flipping_website,2025-07-21 21:35,200
3._some_broken_website,2025-07-21 21:49,500
1._this_website,2025-07-21 21:49,200
4._some_nodata_website,1970-01-01 00:00,404
2._some_flipping_website,2025-07-21 21:49,200
3._some_broken_website,2025-07-21 22:12,500
1._this_website,2025-07-21 22:12,200
2._some_flipping_website,2025-07-21 22:12,500
4._some_nodata_website,1970-01-01 00:00,404
4._some_nodata_website,1970-01-01 00:00,404
1._this_website,2025-07-21 22:40,200
2._some_flipping_website,2025-07-21 22:40,500
3._some_broken_website,2025-07-21 22:40,500
3._some_broken_website,2025-07-21 22:54,500
4._some_nodata_website,1970-01-01 00:00,404
1._this_website,2025-07-21 22:54,200
2._some_flipping_website,2025-07-21 22:54,200
3._some_broken_website,2025-07-21 23:24,500
2._some_flipping_website,2025-07-21 23:24,200
4._some_nodata_website,1970-01-01 00:00,404
1._this_website,2025-07-21 23:24,200
2._some_flipping_website,2025-07-21 23:43,500
4._some_nodata_website,1970-01-01 00:00,404
1._this_website,2025-07-21 23:43,200
3._some_broken_website,2025-07-21 23:43,500
1._this_website,2025-07-21 23:56,200
2._some_flipping_website,2025-07-21 23:56,200
4._some_nodata_website,1970-01-01 00:00,404
3._some_broken_website,2025-07-21 23:56,500
1._this_website,2025-07-22 02:24,200
3._some_broken_website,2025-07-22 02:24,500
4._some_nodata_website,1970-01-01 00:00,404
2._some_flipping_website,2025-07-22 02:24,500
2._some_flipping_website,2025-07-22 03:47,500
3._some_broken_website,2025-07-22 03:47,500
4._some_nodata_website,1970-01-01 00:00,404
1._this_website,2025-07-22 03:47,200
1._this_website,2025-07-22 04:27,200
3._some_broken_website,2025-07-22 04:27,500
4._some_nodata_website,1970-01-01 00:00,404
2._some_flipping_website,2025-07-22 04:27,200
2._some_flipping_website,2025-07-22 05:00,200
4._some_nodata_website,1970-01-01 00:00,404
1._this_website,2025-07-22 05:00,200
3._some_broken_website,2025-07-22 05:00,500
1._this_website,2025-07-22 05:36,200
2._some_flipping_website,2025-07-22 05:36,200
4._some_nodata_website,1970-01-01 00:00,404
3._some_broken_website,2025-07-22 05:36,500
3._some_broken_website,2025-07-22 05:54,500
4._some_nodata_website,1970-01-01 00:00,404
1._this_website,2025-07-22 05:54,200
2._some_flipping_website,2025-07-22 05:54,500
1._this_website,2025-07-22 06:38,200
2._some_flipping_website,2025-07-22 06:38,200
3._some_broken_website,2025-07-22 06:38,500
4._some_nodata_website,1970-01-01 00:00,404
3._some_broken_website,2025-07-22 07:00,500
4._some_nodata_website,1970-01-01 00:00,404
1._this_website,2025-07-22 07:00,200
2._some_flipping_website,2025-07-22 07:00,200
1._this_website,2025-07-22 07:31,200
2._some_flipping_website,2025-07-22 07:31,500
3._some_broken_website,2025-07-22 07:31,500
4._some_nodata_website,1970-01-01 00:00,404
2._some_flipping_website,2025-07-22 07:48,500
3._some_broken_website,2025-07-22 07:48,500
1._this_website,2025-07-22 07:48,200
4._some_nodata_website,1970-01-01 00:00,404
4._some_nodata_website,1970-01-01 00:00,404
2._some_flipping_website,2025-07-22 08:15,500
1._this_website,2025-07-22 08:15,200
3._some_broken_website,2025-07-22 08:15,500
1._this_website,2025-07-22 08:47,200
3._some_broken_website,2025-07-22 08:47,500
2._some_flipping_website,2025-07-22 08:47,200
4._some_nodata_website,1970-01-01 00:00,404
1._this_website,2025-07-22 09:13,200
2._some_flipping_website,2025-07-22 09:13,500
4._some_nodata_website,1970-01-01 00:00,404
3._some_broken_website,2025-07-22 09:13,500
1._this_website,2025-07-22 09:42,200
3._some_broken_website,2025-07-22 09:42,500
2._some_flipping_website,2025-07-22 09:42,500
4._some_nodata_website,1970-01-01 00:00,404
2._some_flipping_website,2025-07-22 09:57,200
1._this_website,2025-07-22 09:57,200
4._some_nodata_website,1970-01-01 00:00,404
3._some_broken_website,2025-07-22 09:57,500
1._this_website,2025-07-22 10:33,200
3._some_broken_website,2025-07-22 10:33,500
2._some_flipping_website,2025-07-22 10:33,500
4._some_nodata_website,1970-01-01 00:00,404
4._some_nodata_website,1970-01-01 00:00,404
3._some_broken_website,2025-07-22 10:54,500
1._this_website,2025-07-22 10:54,200
2._some_flipping_website,2025-07-22 10:54,500
3._some_broken_website,2025-07-22 11:20,500
2._some_flipping_website,2025-07-22 11:20,200
1._this_website,2025-07-22 11:20,200
4._some_nodata_website,1970-01-01 00:00,404
1._this_website,2025-07-22 11:38,200
4._some_nodata_website,1970-01-01 00:00,404
2._some_flipping_website,2025-07-22 11:38,200
3._some_broken_website,2025-07-22 11:38,500
3._some_broken_website,2025-07-22 11:51,500
1._this_website,2025-07-22 11:51,200
2._some_flipping_website,2025-07-22 11:51,200
4._some_nodata_website,1970-01-01 00:00,404
1._this_website,2025-07-22 12:35,200
4._some_nodata_website,1970-01-01 00:00,404
2._some_flipping_website,2025-07-22 12:35,500
3._some_broken_website,2025-07-22 12:35,500
1._this_website,2025-07-22 13:24,200
4._some_nodata_website,1970-01-01 00:00,404
2._some_flipping_website,2025-07-22 13:24,500
3._some_broken_website,2025-07-22 13:24,500
1._this_website,2025-07-22 13:56,200
3._some_broken_website,2025-07-22 13:56,500
2._some_flipping_website,2025-07-22 13:56,200
4._some_nodata_website,1970-01-01 00:00,404
1._this_website,2025-07-22 14:28,200
2._some_flipping_website,2025-07-22 14:28,503
4._some_nodata_website,1970-01-01 00:00,503
3._some_broken_website,2025-07-22 14:28,503
1._this_website,2025-07-22 14:50,200
2._some_flipping_website,2025-07-22 14:50,200
4._some_nodata_website,1970-01-01 00:00,404
3._some_broken_website,2025-07-22 14:50,500
1._this_website,2025-07-22 15:16,200
3._some_broken_website,2025-07-22 15:16,500
2._some_flipping_website,2025-07-22 15:16,200
4._some_nodata_website,1970-01-01 00:00,404
2._some_flipping_website,2025-07-22 15:41,503
3._some_broken_website,2025-07-22 15:41,503
4._some_nodata_website,1970-01-01 00:00,503
1._this_website,2025-07-22 15:41,200
1._this_website,2025-07-22 15:57,200
3._some_broken_website,2025-07-22 15:57,500
2._some_flipping_website,2025-07-22 15:57,200
4._some_nodata_website,1970-01-01 00:00,404
1._this_website,2025-07-22 16:37,200
3._some_broken_website,2025-07-22 16:37,500
4._some_nodata_website,1970-01-01 00:00,404
2._some_flipping_website,2025-07-22 16:37,500
3._some_broken_website,2025-07-22 16:59,500
1._this_website,2025-07-22 16:59,200
2._some_flipping_website,2025-07-22 16:59,200
4._some_nodata_website,1970-01-01 00:00,404
1._this_website,2025-07-22 17:31,200
2._some_flipping_website,2025-07-22 17:31,503
4._some_nodata_website,1970-01-01 00:00,503
3._some_broken_website,2025-07-22 17:31,503
1._this_website,2025-07-22 17:50,200
4._some_nodata_website,1970-01-01 00:00,404
3._some_broken_website,2025-07-22 17:50,500
2._some_flipping_website,2025-07-22 17:50,500
1._this_website,2025-07-22 18:20,200
3._some_broken_website,2025-07-22 18:20,500
2._some_flipping_website,2025-07-22 18:20,200
4._some_nodata_website,1970-01-01 00:00,404
1._this_website,2025-07-22 18:52,200
4._some_nodata_website,1970-01-01 00:00,404
3._some_broken_website,2025-07-22 18:52,500
2._some_flipping_website,2025-07-22 18:52,200
1._this_website,2025-07-22 19:17,200
3._some_broken_website,2025-07-22 19:17,500
2._some_flipping_website,2025-07-22 19:17,500
4._some_nodata_website,1970-01-01 00:00,404
1._this_website,2025-07-22 19:33,200
4._some_nodata_website,1970-01-01 00:00,404
3._some_broken_website,2025-07-22 19:33,500
2._some_flipping_website,2025-07-22 19:33,500
1._this_website,2025-07-22 19:46,200
2._some_flipping_website,2025-07-22 19:46,503
3._some_broken_website,2025-07-22 19:46,503
4._some_nodata_website,1970-01-01 00:00,503
1._this_website,2025-07-22 19:59,200
2._some_flipping_website,2025-07-22 19:59,500
3._some_broken_website,2025-07-22 19:59,500
4._some_nodata_website,1970-01-01 00:00,404
1._this_website,2025-07-22 20:32,200
3._some_broken_website,2025-07-22 20:32,500
4._some_nodata_website,1970-01-01 00:00,404
2._some_flipping_website,2025-07-22 20:32,500
1._this_website,2025-07-22 20:51,200
3._some_broken_website,2025-07-22 20:51,500
2._some_flipping_website,2025-07-22 20:51,200
4._some_nodata_website,1970-01-01 00:00,404
1._this_website,2025-07-22 21:16,200
3._some_broken_website,2025-07-22 21:16,500
2._some_flipping_website,2025-07-22 21:16,200
4._some_nodata_website,1970-01-01 00:00,404
2._some_flipping_website,2025-07-22 21:37,200
3._some_broken_website,2025-07-22 21:37,500
1._this_website,2025-07-22 21:37,200
4._some_nodata_website,1970-01-01 00:00,404
1._this_website,2025-07-22 21:51,200
2._some_flipping_website,2025-07-22 21:51,200
3._some_broken_website,2025-07-22 21:51,500
4._some_nodata_website,1970-01-01 00:00,404
1._this_website,2025-07-22 22:15,200
2._some_flipping_website,2025-07-22 22:15,500
3._some_broken_website,2025-07-22 22:15,500
4._some_nodata_website,1970-01-01 00:00,404
3._some_broken_website,2025-07-22 22:40,500
1._this_website,2025-07-22 22:40,200
4._some_nodata_website,1970-01-01 00:00,404
2._some_flipping_website,2025-07-22 22:40,500
3._some_broken_website,2025-07-22 22:54,500
4._some_nodata_website,1970-01-01 00:00,404
2._some_flipping_website,2025-07-22 22:54,200
1._this_website,2025-07-22 22:54,200
3._some_broken_website,2025-07-22 23:25,500
2._some_flipping_website,2025-07-22 23:25,200
1._this_website,2025-07-22 23:25,200
4._some_nodata_website,1970-01-01 00:00,404
1._this_website,2025-07-22 23:44,200
4._some_nodata_website,1970-01-01 00:00,404
3._some_broken_website,2025-07-22 23:44,500
2._some_flipping_website,2025-07-22 23:44,500
2._some_flipping_website,2025-07-22 23:56,500
3._some_broken_website,2025-07-22 23:56,500
4._some_nodata_website,1970-01-01 00:00,404
1._this_website,2025-07-22 23:56,200
1._this_website,2025-07-23 02:25,200
2._some_flipping_website,2025-07-23 02:25,500
3._some_broken_website,2025-07-23 02:25,500
4._some_nodata_website,1970-01-01 00:00,404
1._this_website,2025-07-23 03:49,200
4._some_nodata_website,1970-01-01 00:00,404
2._some_flipping_website,2025-07-23 03:49,200
3._some_broken_website,2025-07-23 03:49,500
1._this_website,2025-07-23 04:33,200
3._some_broken_website,2025-07-23 04:33,500
4._some_nodata_website,1970-01-01 00:00,404
2._some_flipping_website,2025-07-23 04:33,200
4._some_nodata_website,1970-01-01 00:00,404
3._some_broken_website,2025-07-23 05:04,500
2._some_flipping_website,2025-07-23 05:04,200
1._this_website,2025-07-23 05:04,200
2._some_flipping_website,2025-07-23 05:43,500
4._some_nodata_website,1970-01-01 00:00,404
1._this_website,2025-07-23 05:43,200
3._some_broken_website,2025-07-23 05:43,500
2._some_flipping_website,2025-07-23 05:58,200
1._this_website,2025-07-23 05:58,200
4._some_nodata_website,1970-01-01 00:00,404
3._some_broken_website,2025-07-23 05:58,500
3._some_broken_website,2025-07-23 06:46,500
2._some_flipping_website,2025-07-23 06:46,500
4._some_nodata_website,1970-01-01 00:00,404
1._this_website,2025-07-23 06:46,200
